temperature,voltage,current,failure
42.472407130841745,209.25664644193097,7.61705683735906,1
77.04285838459498,227.0950473689179,7.469787990719999,1
63.919636508684306,243.64729179382041,14.062545805210366,1
55.919509051822196,236.61124432047805,7.4954619984950615,0
29.36111842654619,240.32805739307247,7.71949726128631,0
29.35967122017216,232.93916833553587,12.593982624179638,0
23.485016730091967,234.61382822589263,9.4973984245054,0
71.97056874649611,242.45978257826596,12.767105569551813,1
56.06690070459253,212.4834004429593,5.653661575643852,1
62.48435466776273,224.471248182157,9.875711936733843,0
21.23506965774815,211.0604720909801,5.336136001832826,1
78.19459112971967,249.38340039983234,5.626532034553545,1
69.94655844802531,247.20296698433066,14.06437453344411,1
32.74034664069657,201.9713405684253,6.392453711175952,1
30.909498032426036,235.2787586257844,10.32420682275217,0
31.00427059120603,246.2624158707833,9.110956026007067,0
38.254534577572265,209.02876725636668,8.473433262588426,1
51.48538589793427,228.39726152763149,13.998333456872725,1
45.916701118526944,245.7744148794021,5.218233967754895,0
37.47374841188251,201.69729892928993,11.637896861755891,1
56.71117368334277,234.871013362342,14.633944342135504,1
28.36963163912251,214.86745036862754,10.60168183461842,1
37.528678912113094,246.2198097688265,14.368224620330919,1
41.9817105976215,248.55291225826838,5.522578792860237,0
47.364199053022155,247.21332445567168,9.187933190741614,0
67.11055768358082,223.7107108328732,7.601577909620511,0
31.980426929501583,243.10213254946567,12.308209649807297,0
50.8540663048167,242.2274699267535,14.812970904972467,1
55.54487413172255,215.95502366216277,7.565300624442478,1
22.787024763199863,241.44577370753387,11.541746014740745,0
56.4526911140863,201.85038173577462,6.980976327597402,1
30.23144742123749,229.81349392410266,10.653302545716098,0
23.903095579116773,211.50044186438515,9.639324866883362,1
76.93313223519999,206.02834428886393,14.72005329631537,1
77.93792198447356,203.84766008146045,11.085272726964666,1
68.50384088698766,234.814438793907,8.495063720868188,0
38.27682615040224,216.99374818840332,6.140957848879333,1
25.86032684038303,236.23833857643808,6.512468287349345,0
61.053981590729414,203.26781703994712,7.253169299512351,1
46.40914962437608,215.76451689153052,7.50966661340298,1
27.32229409068673,226.97456461876686,13.506160578411379,1
49.71061460667621,239.5361582419482,10.612227882825248,0
22.063311266913104,215.9376251466035,10.233909113743664,1
74.55922412472692,231.29456882185045,6.147688718692175,1
35.52679889600101,244.29888741180935,13.60139693349435,1
59.75133706123892,230.79315940911522,12.228143032084837,0
38.70266456536466,211.6479737376817,5.676683619000016,1
51.20408127066865,201.2200390778269,12.078350972297686,1
52.80261676059678,243.5049436950465,10.435382173426461,0
31.091267331531622,201.06347054251935,5.817253457467783,1
78.17507766587352,243.73508363420996,9.583006415286565,1
66.50796940166687,226.4468567013606,9.84696287130047,0
76.36993649385136,246.9533849256448,6.6577454016327575,1
73.68964102565893,239.93916178868326,14.456981470002823,1
55.87399872866511,249.89670552666686,13.49975371480662,1
75.312454101387,217.53559077258552,11.690223373291083,1
25.30955012311517,238.35941444655634,9.622955610006072,0
31.758971745148713,220.0965456804621,9.117655415845086,0
22.713637334632285,223.99378101519545,11.509734671509541,0
39.519819845795865,231.3752731609185,10.454318694069055,0
43.320637381368925,243.68385570931693,5.622731058818856,0
36.28094190643375,249.20417345996475,10.125026487703316,0
69.72425054911577,238.41367069322592,13.064036172328395,1
41.40519960161536,220.8883391083667,9.592398775969581,0
36.85607058124285,221.06785011385352,5.519565775542684,0
52.56176498949491,236.87911507944457,12.862781993840331,0
28.45545349848576,211.9388572884151,7.013637821359744,1
68.13181884524238,205.52370565656975,7.586208348880388,1
24.473038620786248,217.73110788203883,6.6470635343229585,1
79.21321619603104,214.36194958270409,8.302150648714974,1
66.33468615779944,214.8154060227995,12.56751505688635,1
31.922940892050345,211.6803875524955,10.193858595039373,1
20.331327027416144,202.1046594818181,7.048812741507126,1
68.92768570729005,200.89369673667068,13.778300781520409,1
62.41144063085703,249.3861194868016,13.795818549515293,1
63.74043008245924,221.38865668679313,13.70578425046007,1
66.27622080115674,219.21633235798407,7.387962113815393,1
24.44267910404542,233.9823641346535,9.51239344180988,0
41.507943712656356,210.91269439325322,14.849896561408752,1
26.952143571507783,247.49805919751128,12.720124763099903,0
71.78620555253562,239.3172507207776,5.271674212255598,1
57.39788760965347,204.47055011561298,5.652045912604921,1
39.85388149115895,220.8790387892464,9.639313768123328,0
23.813501017161418,243.95591537810824,14.092202058615602,1
38.65893930293973,247.2366011145705,10.387017979527142,0
39.51099932160482,223.3700755624935,9.978125080342902,0
63.77637070028384,230.67056946053538,6.054736999566305,0
58.253448281312785,208.35169730460376,11.567801047242941,1
73.23276455457959,249.55843130684883,13.221031606002255,1
48.33289550971696,211.58358506917216,8.804200075075624,1
27.1756547562981,247.1365887067563,12.756118509253275,0
62.7946872333797,232.4823324496184,14.644766539008117,1
65.64710291701385,230.38683974394297,7.037664591276891,0
53.67663185416978,225.63442555082543,10.233296311947413,0
66.25803079727366,211.53349058588793,7.871379580845756,1
49.62773578186344,208.8264016002754,12.928544190338393,1
51.363969762919645,211.02431045350878,10.775933658811574,1
45.652461101512976,209.32191310721274,11.345824175503036,1
21.52514760464571,238.97922367833766,12.979141596158941,0
26.473485619598268,217.5062629583365,8.95970472662455,1
21.885751141204054,202.89213382816982,14.150900684070432,1
58.184624675826825,248.45513150704056,10.3302886724614,0
38.8613588645796,244.18929424817128,6.57954822835348,0
50.514241469882165,246.38761415976063,11.958991181688024,0
74.45398843556558,249.74539113232177,12.932613504382545,1
34.9575337489325,208.69476246097437,8.167616770675266,1
44.62297538213778,219.81210094513293,13.57179256998753,1
65.33306831258292,237.91192378520458,14.061432547657663,1
33.72788992949735,234.8010309026896,7.769044873778089,0
24.618794589727578,207.69479531699275,14.83521472715222,1
37.38508717482608,240.7916562495309,6.407115280487584,0
29.673277235240263,211.22202859183304,7.0201566840249,1
75.78185914055439,211.19088074113117,6.842248392380261,1
68.48722277386501,226.8487211446707,13.939897100078705,1
58.00422539062541,229.64699674208515,11.542925523249618,0
72.28763541126307,229.00431039189056,6.5210428322227285,1
68.22032461394687,204.57434186988775,9.403234183683491,1
31.194203533162153,243.873043131519,11.15298025069802,0
73.55353990939867,213.2800021294353,5.834640849893833,1
52.36053451493904,206.4757460641402,13.824163684073387,1
68.44640930984374,244.43740399344887,13.036035354415352,1
73.7654779954096,247.78257491148767,10.052067735766382,1
39.08020849831183,243.10638086327253,14.671266152591704,1
26.603115471660605,240.4758037362439,9.177609792750996,0
33.6761097525165,232.7620990319511,14.841103190364977,1
45.626467317575376,227.54286853045696,11.67919998803627,0
69.08088595534959,204.3493379955705,11.346712732539414,1
71.64383499538062,220.42266065353493,6.65954895295785,1
20.417127831871444,218.63442585061568,13.81927758304644,1
50.64483815465394,212.9876891880163,9.274896879206151,1
45.04466018892674,236.17100568442925,6.622334057824793,0
33.326468628243816,224.79378675393855,5.12607519975759,0
27.19192204002097,204.0523107953824,10.597556836383825,1
40.25691028421768,211.00916009749056,10.273996221226763,1
76.57458223475115,234.1629381829798,12.193536223691586,1
39.39217592124531,203.806542974515,13.902580530178021,1
51.12743730460197,242.56034570243844,5.794065846430295,0
62.18113753371067,224.75732635069872,12.314964903403624,0
41.81777614275764,224.0293288663324,6.874119440975822,0
78.30692496325764,229.62038923297587,13.581770531571639,1
77.74683769652668,241.23404829625747,13.19063513861656,1
35.10693774952185,217.39046039510964,10.407937549855443,1
49.83491035354312,233.90080762795318,12.102427986233115,0
38.052698589006184,228.28659819978955,8.143501131837484,0
37.090429662648056,213.35141350847107,9.711678989328146,1
22.21321684127197,243.9314993177579,13.216368977104716,1
56.57386003879381,239.8713010803464,9.592651971732138,0
50.16074139373169,232.92259173292126,8.577982653254418,0
23.08872507499936,242.5290864547121,9.942124472503,0
36.71878785419669,243.36471004799012,13.282492524372184,1
74.49595315799922,235.41814883575174,8.352080473708728,1
34.37371344001835,241.8506664181836,6.737615931357438,0
28.693692325473386,234.87357308346418,12.120140203307807,0
49.36716561665378,234.007038588015,13.259782127080818,1
79.13902724663603,230.9305689107592,6.006374785235334,1
34.523316290690026,237.63583197788205,7.398741127559447,0
60.328132844352716,207.93025526465368,6.419719897609939,1
65.69717691972306,244.04353795994643,8.479414115821665,0
34.25825263954398,243.5921763872616,9.503509789054126,0
63.692980916711576,201.46236415172797,12.488263369633064,1
42.06698796315519,241.29083752823814,11.51147584881674,0
57.938349835614765,206.44349337367225,11.209285674784311,1
58.01178264565368,216.7559427129571,8.523749466096543,1
52.14648104448551,237.1754128145804,13.4144755308476,1
25.4173862032645,208.0379948024154,9.712871673981645,1
70.11814973535428,240.8983512059531,14.791049380151545,1
39.24680389830415,241.6067088978871,11.341421382957368,0
31.191110623991253,225.37338668804182,6.262647415645027,0
22.446508493285833,200.31929358584168,11.76177562075434,1
55.45357659129451,214.35190665874563,8.25104015431699,1
60.653861710536944,230.8463459187871,11.863271966860975,0
20.995269735671368,249.05930890137117,5.696411481624057,0
50.72558349795686,231.5906763508334,6.748814371759594,0
33.58974651187628,212.99017905320798,13.557372589057863,1
58.71036742456699,231.70028515498058,7.271795570235149,0
30.461985740299486,226.99926898579278,13.3704112524294,1
61.456264286147956,238.99226975755718,7.792760884544104,0
43.20412077803225,205.34903194134793,11.428819100587077,1
76.20379932420407,238.0513951251014,11.94150573509831,1
28.251256648759593,227.0633289338055,10.12654753145053,0
40.46398106301551,248.14960019294972,8.053106766967312,0
26.808411274435343,217.0936083019343,7.126443763710961,1
75.48161709671376,231.6310946566974,5.331893545624262,1
72.64036120285886,246.60140527550087,8.039464012407239,1
35.47649766290934,205.12548639953397,11.531627905312831,1
59.59904276205074,246.86142436182257,14.383048184484826,1
69.03333201207295,234.39428611504067,13.71204482263052,1
53.31204869596774,203.3918529552586,12.660647765353026,1
51.77903470136039,215.0481783473408,12.884473432532987,1
34.5111374540271,235.40860443226407,11.649849034759953,0
25.586166068353954,203.3675300734386,7.60286857566003,1
73.83294547719962,229.10852300881368,14.071950307058298,1
74.02508342979982,217.29415284764784,11.70732311905834,1
57.986087436396076,231.04577588837387,10.6044063098044,0
40.34178746292204,202.28710169062563,6.1098946921348105,1
40.95257447675965,243.57684030761882,9.470555438064254,0
63.557340732214364,248.67444845886985,9.603582712019263,0
73.82661559715463,248.44389276428458,13.645636095226699,1
73.22518545590704,237.48259158714623,10.466482201877884,1
66.79253275145743,206.5043120065316,8.804005489704096,1
58.52189876925726,237.9131597964511,14.768003285106593,1
25.04839789970293,201.22934582294008,6.107205933263157,1
29.697722845676825,201.10617757644985,9.225484283119446,1
73.91325131162475,216.18051095747705,5.420246751714053,1
56.3857435795754,224.43215952023328,12.399041207669303,0
20.55182309699778,238.52037089038964,14.180765521991507,1
26.088292571961926,234.16476883032527,7.800373295504894,0
59.81010614648335,222.29513531883742,13.583416767991208,1
20.30369503077312,213.6813333140833,7.922182304618977,1
29.648483085049918,249.85622500788554,14.107701616439153,1
52.924027361995165,221.30906511179865,12.539619035967839,0
61.513711861561596,222.56935121648377,13.049067768414385,1
59.11767557015603,208.18119105958345,5.1800655560045445,1
33.45615856763359,239.74047743749645,14.62810357074026,1
62.73075328085215,234.68411128907442,12.266709920703232,0
34.23494524980801,211.03848063943803,8.047510953861334,1
39.52398188955606,204.11905228079215,13.29394664858847,1
64.78948430708145,234.02496510373567,7.8152119841492995,0
58.97797394283288,232.72556071405677,13.727538395661279,1
70.95340462965068,213.66297634991048,6.12580390411937,1
59.4567735380206,247.5431781125205,12.036859774607958,0
54.098516200128294,207.55289458904502,10.406984766449103,1
25.620486069685548,221.6167400521301,5.965344701954408,0
42.06294818356601,247.18079600837996,7.41893828258839,0
35.91214206090353,220.98636584630611,5.1240403627731475,0
34.63937860274501,231.9262973832043,9.68767965464506,0
78.38063328514673,219.8797198981397,8.012652607600003,1
43.58586348000563,213.7107601174335,10.983574842977589,1
73.5227933106268,249.1988823979914,7.972378077086172,1
57.86831755983577,220.46670031575215,7.999191115069847,0
67.6886782124989,244.70496018395673,12.431931987316034,0
50.15822558631153,211.49773029455432,5.481428359783535,1
54.614233077581545,210.65523520125416,14.028949951919872,1
49.55106162913184,201.55670414422556,13.522638743911815,1
31.71457926788267,232.58334126879424,11.678046832264066,0
63.34712691569032,218.42631718618804,10.932215701073844,1
36.846341746451344,243.21791249198185,13.923024981396523,1
21.45895798588723,223.66049533457786,6.853301795287145,0
58.72833775443007,248.4096713957361,5.789691621908286,0
30.626640764422937,209.27627578515606,7.395101699095381,1
76.42751506117486,243.43115839778054,12.945782787001903,1
77.23571462015525,238.82984263958707,5.346702667264833,1
74.89186341322691,238.5460922322026,10.828068350834897,1
42.20952201532666,242.23916140584438,14.954375161913099,1
20.927396991732046,238.05119954714993,13.556960938375394,1
75.69911375526353,231.31101608157076,10.214456890435894,1
45.69104889903886,206.56224388411937,5.636409092866423,1
77.99928914262017,201.6263089745626,13.313735143857098,1
77.81719862535516,246.04239239078436,10.989785081772105,1
71.1805673280416,230.8325157260369,6.1493299705956685,1
37.66693352417514,239.82686454880883,5.938572848233562,0
43.105863716115515,224.0761175756275,14.096268194365924,1
71.06820029101141,205.86540944811972,11.692002629380784,1
39.01532030937666,206.25928961012752,13.292867993167555,1
30.16956480116555,234.27826436144858,13.789789002822673,1
53.40807574750101,221.51529474497312,10.717723520483222,0
76.16928644964686,210.02623633501685,10.174463517550413,1
61.76178780049838,224.57972733707186,9.304274103209902,0
54.203670205361895,203.2104468537567,8.169465877911193,1
25.830589626246113,229.09857009571994,9.345959608587117,0
56.90043360195018,213.44967022175487,12.738796557301564,1
79.4032310062558,239.87795503185941,11.019234310151315,1
28.405040914191442,215.5180979461787,13.925232899548462,1
51.0997791418242,222.76100745409005,9.433800143791878,0
72.64238431567733,200.58102699540504,11.07089578718754,1
64.44611706525227,203.62234438972794,11.313075530919887,1
61.82094445971608,219.62467782033423,10.916971623063255,1
62.14904503922656,223.99694173585618,12.026337730855163,0
41.56946907318531,230.00102740596517,7.374334683748063,0
37.6155106558696,214.58312893546517,10.123637775457906,1
68.56166932871082,234.74909430632712,6.042248028083477,0
68.60680368075084,243.00611985946023,8.845113276448124,0
72.02433911480622,238.99254944466747,9.876670686212645,1
74.79443315338827,201.98094126741785,11.522242595454724,1
50.68054393165627,224.02534736289144,14.505310525862035,1
50.090977681231976,205.24650892090875,11.006510665483558,1
67.89771073800651,212.10225079312636,12.435939161765598,1
58.99783584666591,249.33312966335734,10.062660594952028,0
62.1180126354622,207.12477714507565,11.341040313763314,1
67.74756016616607,224.9444076725678,5.7093221613377345,0
73.40032050905398,230.90778671590596,7.54391580841847,1
40.27970941109215,235.1232485272052,8.618530932051387,0
42.53497715839664,227.9824341743457,9.724933550065135,0
25.638916390452138,200.48854237095918,5.456487455023837,1
54.69680845977044,216.32306541219958,6.400240975533177,1
22.156536427804525,225.88558216923556,7.768143077913058,0
47.93588108794761,204.39332495724167,14.715326909010507,1
52.5586780824546,217.53134656045904,8.313470071030508,1
37.192475127697065,201.66015543956834,9.820410581120825,1
55.44999563414065,203.92892485775104,6.960977127383929,1
21.830014996342967,219.84616381007982,11.107800710757683,1
22.240891324952866,206.635787702153,7.806832155159743,1
69.3560336395795,228.3770424130779,7.069925784384267,0
41.61143848467577,234.4732484568633,10.16572628445979,0
27.623630759113087,240.02933495545415,5.055057991604208,0
51.334595603288264,210.0075122122405,5.076640326492253,1
66.19961318591665,208.37412911295348,7.190688091018577,1
32.949261649810595,205.22839201672002,5.367213625008212,1
57.373428549140016,231.82151247718184,6.0802575413069135,0
25.120847899626078,235.32378632434506,8.388606493387517,0
23.10090327011646,201.5793072412821,13.025856795798129,1
51.88127789408888,246.8106123121845,10.720486433693008,0
52.43810729660639,202.59856418257363,10.126677259564165,1
58.24579408989239,227.06481676505354,7.934888232081216,0
63.56548002335969,235.45302597254582,14.317537194328164,1
78.55112476775207,243.54845618730428,8.970150412371916,1
50.97802089807172,235.70434660662139,5.870927667957715,0
39.377388376474755,240.08640415348958,11.170665161178013,0
67.71117168612221,216.9725096271403,6.138383934766014,1
36.24993507572445,240.7412556873256,8.45223142801692,0
46.338285242338166,204.00574231923375,10.074119387178088,1
24.70738288053596,244.74083280302636,13.742225246851758,1
21.52104460492745,227.37961880768682,9.935465803401186,0
77.7589048806755,240.86488849812469,12.022587660316642,1
70.15880723073235,222.615914225915,14.928168389990704,1
61.75845236562188,232.17888475982625,6.314891198979816,0
44.53717666485619,226.32013304680567,7.747315255195195,0
30.397659204250747,236.57947608776658,8.945760755976464,0
29.38622256026516,204.0814991015295,9.218281785388314,1
35.01457388987572,203.0176041995282,9.110210752655458,1
52.95359988236723,212.35516170050732,14.07611002556555,1
62.87575536200374,207.97723400565943,12.140326444668563,1
59.61184260306388,243.5891783296101,11.079052140907038,0
36.79603381675657,210.9606993679022,8.093727178627821,1
77.29191683979164,248.79326279095656,13.237903842212948,1
64.2738150017461,216.84478958855533,14.550605114849889,1
53.26124315068404,209.10589578443495,13.211982825502265,1
56.70324477406113,239.48492535712396,5.015651051914729,0
45.176003745667394,232.9353887750438,11.36401370183407,0
34.86385937006945,224.90978582265694,5.511353814421007,0
41.35836071907569,227.76817754688156,7.576072203337219,0
65.47076662786215,235.9600889136132,5.595247003477716,0
20.863609317785354,211.42273706656493,11.037954529493877,1
26.964358430414975,249.8166958028371,11.865899134926067,0
22.760158521305165,248.73965810733915,6.144876380659051,0
22.44372813913821,232.51628431734684,8.838388830449794,0
71.32763504066043,209.97712254645725,9.56236508955542,1
62.219471562801424,234.01141212156458,8.690530217609165,0
48.45042974523951,203.6099204489588,6.210250004851931,1
25.87004963906009,201.5326251102903,9.189477901874755,1
49.49695250700994,212.8841444255607,12.51178047808418,1
48.408306246833945,223.13114783696582,5.710076645332554,0
30.392112194600912,243.41362527041903,5.801800140819035,0
46.03109895427838,236.3584534883154,8.547712918359842,0
43.91028406384241,237.13532605999904,14.417257116189251,1
56.951005883132986,221.27466672240377,11.685726467229141,0
58.10561905205863,217.29674962734813,11.786699566725648,1
22.718240586322672,218.55193814923012,8.61919990837865,1
42.47675687758827,249.3824781868029,10.936607912085385,0
57.55159494285418,202.0054595706241,5.101311840277434,1
50.188175514805266,243.35157480612241,11.360960464095422,0
71.38939047129934,228.93377042861968,14.132869475762368,1
59.5216178971367,221.93077095947953,11.125734683448192,0
29.77606562488578,236.26288302075682,13.736985934663451,1
24.234124844025793,224.33344707123513,12.239730554660937,0
58.54515669237894,243.67116190408302,6.205584164036902,0
21.59067863249731,245.03509320056293,14.024533072858418,1
55.1465348764078,221.08604634367276,5.664438443557749,0
76.41381448549745,213.8413898617526,10.339674725477638,1
54.52845067255274,229.61751642966811,6.421371237934577,0
43.29019557239131,245.61816728083454,5.117066107309041,0
58.59729310654119,210.53310945028332,9.22034260127639,1
47.495173429491,231.14832917817415,7.950407076541563,0
52.7370073589561,231.57801100462603,9.86000493797603,0
76.48788852659152,236.65565112076405,10.77199886734551,1
43.16615826804646,206.578384256363,5.437390723089473,1
77.67143382943485,235.79124823410444,6.230032951237456,1
74.32103851736383,245.45162603328205,10.586423964504252,1
31.747468087357788,208.9841554435121,8.431673531726583,1
24.161678052509927,211.8771662461939,12.29173487549448,1
26.0466800826456,248.56975470208198,11.522916485919396,0
21.093309539092985,209.0488476354745,13.456043629899067,1
25.6665776453557,242.71925466847895,11.924928266692252,0
60.98040640498141,224.61389282240174,9.299310773901482,0
24.27131890761374,212.36155372015884,11.729666223944324,1
39.138537817625675,243.53749506362556,7.753811742554185,0
70.69251865816727,222.26526275013327,8.063134987782128,1
21.39631614414955,225.74086769648451,12.889851599207933,0
68.86810895533614,217.9616684699883,9.464195164015822,1
36.911286486403995,229.64754257174638,12.983803405183526,0
27.089889657299373,208.17619362925115,13.224223736682784,1
61.804229921849036,219.55407683258804,13.575623376612837,1
57.73657080679304,248.47061611676438,14.166352358412073,1
72.64832081162318,212.90667163505637,9.309852205132962,1
64.10426262823314,232.8368332270646,8.188668183211387,0
68.20885582309091,216.25950321123474,10.821987465941138,1
36.922074354278394,238.67365628433004,8.711724234376277,0
30.646372626783368,206.5436830359175,11.010741668002328,1
65.0368850984515,248.49105225392725,12.055858626438246,0
68.41008435603584,222.68947706918198,11.884050184921369,0
79.4303085200404,211.8025231673232,8.745528870201213,1
44.757060614685585,203.67483736650064,6.668602016987528,1
42.32108514756699,208.48789525437704,9.305293384622075,1
66.58477764451982,225.98869742780087,6.425941440819088,0
40.448212415181075,216.85015882156432,13.900970351838083,1
75.84543953621389,241.44416829413046,8.458774607378574,1
71.5047651105807,221.5443761830903,6.544597472233238,1
45.7396416425011,212.4357136293815,5.254477599057509,1
65.05226406748984,230.8572493302015,11.458223862864843,0
65.27257244508094,235.3388608442723,11.369023174547433,0
26.187432130155955,208.35209539504748,8.406041665812918,1
74.15317440077399,208.3809608144159,5.71711888847651,1
50.315142346871426,201.83357134667716,9.09628894895232,1
69.5874479664645,236.82010075328202,8.112174950633936,0
39.20297606183671,233.19022638109027,11.771206397350094,0
73.73139370977202,223.7315437874907,11.057792494526904,1
43.35210072404979,242.20852244845986,8.6459372819754,0
20.6502590888179,240.28350764750266,7.1789255425499015,0
74.32291858515582,229.2677182198376,14.880359661555918,1
25.477200607168015,243.41356402566294,9.540016211961149,0
39.15881825542489,210.29206050183842,11.882742357802371,1
77.0037180230483,205.5959809698864,6.405529675783608,1
77.03642881625336,213.48748057584947,9.855896996593978,1
54.40627328739717,202.85434280446574,5.275367198694655,1
57.91023273018796,226.5584764000516,10.0545511791045,0
46.90673131869919,246.83028461474808,14.640174071177023,1
37.592646301883875,201.9671770334255,8.842067129858002,1
39.71987272219496,206.10549570050134,5.389960125749116,1
60.35110736462231,222.60995141417177,5.309557909193435,0
65.1424717662608,246.69375087639526,8.879867599468696,0
67.4947426235509,215.80780524883752,6.6002493646319405,1
67.37708856767324,225.36174043441963,5.233520963281859,0
25.472366182921423,202.0786429525196,12.562136139501767,1
49.66521828215489,207.41716004810445,9.585230088818907,1
23.453525600998656,249.33150614794235,7.892447719726546,0
52.97173293942413,248.25593482180227,14.000831830164808,1
46.49183008240262,200.24699904672048,6.161389602005256,1
73.26225096549798,247.59058927116195,14.559188289553193,1
41.05490075312472,231.95599689077503,8.139667173773528,0
27.02402098565635,243.3959147260011,13.884036723086812,1
28.57950092317015,222.73699278169295,11.029428764794616,0
65.69063790304833,225.77980142896251,13.267073597414875,1
57.09308379897566,224.44232901284602,14.840131632104644,1
26.067360567367416,233.34321287730523,7.884054378187457,0
25.046408366899847,206.98256273781564,14.61135485407593,1
62.0581478875472,201.4986794936339,8.894818949024204,1
24.36578038185161,215.39649707955954,8.855119047369223,1
69.31160355742136,235.23403813683234,8.403871042545056,0
62.374533629389774,210.09267260614743,10.41407607347585,1
24.880926838513986,233.67162166624587,6.541450431784871,0
25.090262845111514,248.49560230536352,10.537114853580112,0
79.19837471007052,204.69503578947092,10.41704812410004,1
42.45624774536722,233.63010591125632,12.6190181260487,0
42.23852882401346,222.18751096522857,13.336499619375855,1
68.76797403545015,243.40711271887528,9.40441350312424,0
76.83491464303152,208.8574894723693,8.023332493514937,1
79.16006382937226,234.63129761130824,7.5933489731709445,1
65.2026911155365,241.90576448240552,6.9462383670487196,0
42.57557513185495,247.23071097370115,5.576475821990249,0
25.010043001920124,234.1624014144823,8.424479788347133,0
66.6288149556462,224.85873820042136,7.702476921307833,0
53.504254984148304,230.8923620100607,14.664173858664073,1
45.453320554818575,243.44524922393592,10.577088262500439,0
74.38126310568416,228.5304873319415,8.472770390305076,1
26.67184893836908,201.51935298484185,10.80467600993696,1
49.55750625745155,246.5474347753489,6.391967013456955,0
20.681218686045145,234.47633755157807,9.44043749202203,0
48.11963851964758,233.82566928886234,11.262343214210638,0
23.378196540910242,210.78375761988585,9.888978317924515,1
27.129074976084315,232.94427351163284,9.017788006543242,0
27.05157480662629,219.69322028270793,14.938483888996982,1
58.95261812696381,232.5616488520746,13.80314762148927,1
64.7626927559254,205.32965151539955,11.234059581594401,1
55.00212590582958,232.8922652301518,10.693773611822827,0
77.73035290847253,249.97068628853333,11.206604798245841,1
42.49223477142225,202.4106019430278,7.013121078224333,1
37.14272517691164,248.85870921106587,8.951377432643186,0
72.11594769136761,220.34539803614354,5.394595328908993,1
33.41575031116716,243.53767251686295,9.755460374868267,0
77.79335236643668,239.1192742029137,10.430245839576632,1
20.72926848138898,228.3508130493334,7.277497361032096,0
78.19272960245834,236.92246046256633,14.640288471655138,1
22.589594717034565,243.9257780650674,14.09454610937242,1
73.46858682188426,220.20701608255166,12.22143235455906,1
51.66206654517799,216.35165807816193,10.333866287653626,1
79.57788776715802,233.37966927817922,13.69969159647685,1
24.427793884123933,240.39229709706294,6.306523438234629,0
53.231257064079244,238.1142567388308,12.90509794274885,0
78.15815213714595,239.89068244293173,6.248208139668483,1
51.38587065020893,221.77916574064665,12.942106625494054,0
57.763918288115754,240.89171080875107,7.75767568251357,0
61.74492133907703,206.01045276853043,13.770905810181889,1
47.27246388606639,227.22445489804247,14.440420938253979,1
57.6534848050438,200.28793302490607,6.487959694051156,1
55.058858715386016,216.2292914950135,9.626756050653935,1
74.06948062945935,218.32307674356989,14.809873781626852,1
22.726782820487472,219.80863458046278,9.834074359731467,1
36.85779137553382,234.7733603344931,13.635475225145452,1
77.02468904459352,219.4279050635173,10.887315221313198,1
73.41582703345497,222.43468113112652,8.753299079196019,1
47.33940516714277,211.87720654371637,7.857835555258702,1
57.207955868092206,218.662589581467,7.032230910860873,1
36.64287097886796,211.36348136315758,12.617981913776973,1
31.28726958342568,203.65979618842218,8.86540506823028,1
47.82190429639893,230.1724296690689,10.112754622007511,0
41.20113368156317,233.41063992775082,9.923254800011819,0
55.01936671105233,230.97451730048073,10.772790292331312,0
24.66407821789909,223.17470219002863,13.655771456245523,1
78.46368845996999,218.9892890089615,14.807393435834294,1
79.17264466877617,243.16668247859127,9.07584208573817,1
61.88970284118471,225.9540892568109,13.27518922106303,1
52.165781980647225,223.95909388148655,12.645277946547177,0
38.571656977179664,201.28210329032177,10.735289514555733,1
68.82770118241692,217.0623913813078,14.56047143611933,1
61.083870353232754,219.00978093929285,7.004745155284028,1
29.757016360693477,219.94113904484502,6.092642103096214,1
74.65563106963054,229.0086184613666,13.539619669554222,1
69.35223457539014,226.68012733634393,9.391498166337483,0
76.98799479751544,230.39525463967223,13.469688542070605,1
63.543170503301596,238.2441630771064,13.930902051954149,1
56.80491175614739,240.64928693580467,5.624575936190714,0
45.09458217743713,235.9061538113247,13.834647629860607,1
75.9637090012408,247.77618479774674,9.483190553694222,1
71.9638333700245,200.91162913381808,10.104324890042323,1
22.713120206371364,209.78889928417732,11.265925110932102,1
21.58201846983512,200.3781437489071,14.263826067300867,1
42.58780201268297,232.37373570773013,5.19116094429764,0
68.63319984690997,244.90152744749935,9.768434683178171,0
79.23656775889667,212.17411482881496,11.877220424305607,1
29.02501346621169,246.35172723981532,12.227069576982284,0
55.64784292112811,203.01336951447803,11.92532431537108,1
42.85345139786129,246.7218013402757,6.344351294081219,0
78.19486386887618,217.58113436198173,7.993955883716812,1
70.52713538814251,205.07104142246084,8.587155254170135,1
70.29972228266827,224.29358795931628,13.04437207679505,1
48.12158958769822,212.8388283860254,7.78759872414553,1
44.88917014025991,214.24364509809615,7.107049638672032,1
36.40442431584238,215.36449824631433,14.574480190380962,1
23.382529799055625,240.15129489163317,5.0886328511346886,0
71.8833425753032,226.95806383376274,14.978208556819782,1
68.77406054780465,215.56538495780018,11.768212988573957,1
79.98306039716783,230.51668916554593,13.28469299449117,1
79.79821022443431,235.8075337111597,7.946193963461932,1
53.32590233615765,213.6312000366767,5.1431527766706,1
66.13924491083063,220.67745507626756,12.3786951856153,0
76.68594379294568,206.09430466684736,13.341445970006758,1
70.97884344064468,209.05746747673402,12.404761319535192,1
34.84088610459186,234.05589269824912,6.4285028730083855,0
47.03264811860561,209.07191738478136,12.53427922256969,1
27.7495649090897,226.258169183353,12.68922782107641,0
77.24306163552333,235.45231308612165,11.58540515670055,1
56.3704780670528,205.34384615473718,12.661159327955861,1
33.71856833020776,228.36561098144517,13.459214396777321,1
60.30204106435141,212.82813918506818,11.136041142374584,1
57.08769442747375,248.146343761879,5.886047139696791,0
41.48976308197043,224.17728233599624,9.87627809667211,0
26.81345553197774,240.2996274887579,5.776493346716051,0
60.29439173556798,227.5113271078131,9.075430310324307,0
51.2184620542276,202.17062664274096,9.071064891256277,1
66.33910350413836,231.6575687797011,5.660098441402416,0
51.209810066719605,247.57016711033285,8.488205339694794,0
71.1308900191124,230.08059100731657,6.109980987913149,1
53.114410326469134,240.9594429713395,13.082352100092221,1
53.656278292123176,244.2103231674204,14.476880259644707,1
72.5992161595007,211.4039885974466,5.723164752579386,1
44.208971972743825,210.60224199541133,14.551152072917015,1
28.04091370703844,230.54904944254957,10.225765993367451,0
21.726960578800337,220.55142349033522,7.995656779538739,0
65.30823534041714,241.99306514333603,5.768620752761635,0
57.21857308120788,245.00115616990055,10.006242680704178,0
62.244786085953415,217.6710689651359,12.945155444907487,1
32.777849690534644,211.8435279487241,12.070864772666981,1
28.182288535206187,239.0262757621931,5.502260114639737,0
20.872679940072917,213.7403017774068,5.729018353679035,1
41.03525352839582,241.13071592568392,9.02873282632637,0
55.395061211277984,221.18691268243813,7.952904940479433,0
43.53464270598394,233.37749496457351,7.323843230560478,0
46.248495321423746,204.7767656917334,7.810044989087136,1
74.2495216696249,231.19296623382866,13.034827432968846,1
40.89532802139802,222.58838393686145,14.29228053631854,1
50.83936934958865,229.3304231587737,9.051026945275664,0
67.01918076446859,208.40071038724318,14.061110021324971,1
43.79256693927621,236.84368724720912,8.21495701247882,0
57.32520201367241,243.13985387716144,9.764369863437917,0
71.74182252480472,210.8369900045388,7.260289978159998,1
76.97123741945853,204.7857277760081,11.40476042175844,1
28.824408855742277,201.18192930231683,14.78981115174809,1
75.59525750968967,232.0985750221633,11.034930960433787,1
49.52697758477229,230.35470180443903,8.57814084113549,0
35.4946632979375,227.3348706357035,11.478174459905283,0
47.54814537429568,211.59735480579877,6.229206784653876,1
78.80195451712862,219.54529979527572,13.886590802653986,1
49.55708563957218,229.72381675930865,10.030839507798364,0
39.72509661725049,224.83834294295846,9.49349742039642,0
58.004051259003546,249.38927601074437,10.858647884535191,0
34.408737126691584,206.82198762783665,11.247838627894025,1
24.551799686519836,234.75722770237968,5.71775806226513,0
27.732783314638954,220.21593840521462,11.826172212234024,0
27.682750337466345,221.40998074628072,7.419316803155295,0
29.11416161073766,235.8798882829088,12.139526325065898,0
28.329630358964607,234.62180756621848,13.225347943841967,1
58.452484688192875,249.5627996851094,13.039585075525203,1
30.91280506394869,206.41971447270626,10.525009674078891,1
40.740036999431794,205.2054824692083,10.20169892310751,1
73.80730459436072,236.21694085643705,6.428759613394117,1
48.437698415772346,228.91934585032044,12.753461504031357,0
60.05346431126163,213.70803332799028,7.714093804467144,1
30.33919227209779,203.97096844944934,9.966954228179466,1
31.537341128520247,204.28291247982153,7.842740929275167,1
22.45211697598873,244.70954373320592,6.338283629996932,0
30.136103784329872,209.59336623593714,11.295576968917366,1
36.71542034191752,216.16857810577605,5.543320348229038,1
30.62062905660481,211.3328201113494,12.486452341262,1
25.322152025423335,217.74981529159686,8.175867952611167,1
27.23815226603605,203.47119213730466,5.001346930044853,1
47.64672608196355,225.95298954541352,10.111291392372298,0
32.38002310434755,203.38062817961074,5.468519085276031,1
41.85619166288453,240.0178253911181,7.761695578208995,0
50.20503625129142,211.68560409552165,12.069764874557162,1
61.42368971776192,227.00059573022554,5.626896216218658,0
22.358728390465934,244.0039543780729,13.393384923560024,1
67.96462393454256,232.5438684523597,5.0381992265858315,0
57.67402336945447,226.64788932756676,7.468238692019023,0
24.905541916932314,216.2166876557688,12.409040561520715,1
72.41471744640663,216.6500956529099,8.162701497293067,1
75.25234403190879,233.4743477599095,6.018923880660135,1
23.664677591291824,249.70696806105838,8.60233918800428,0
36.61265888883222,233.09195949246893,7.703932863845255,0
68.37207678758368,227.88917086850125,13.427119021605549,1
64.89558142301951,236.53252551196232,8.13347917585143,0
31.07126116138264,223.26028061418592,12.889324717760072,0
32.56095940020262,203.00711713003926,13.918721448107348,1
42.22832616748292,228.1148407938955,9.338174195765294,0
49.07137911146128,247.881264225269,14.09943143854392,1
57.09528629181776,208.76514711788298,8.773180539631928,1
42.134818374186345,234.50024454103328,14.640784164901081,1
47.75208296798887,210.04668443295282,5.89289524525573,1
64.8482562880254,226.79138422365406,11.870192665032427,0
22.200992173435875,204.833822482336,9.938140404569287,1
35.146216660641244,222.51854681290925,8.876488054556471,0
62.800975153073146,237.80816644476232,11.32711878748601,0
73.71241026123195,217.3785762119491,12.038570916343312,1
50.70064652693996,233.2455862243609,5.04363269650309,0
51.92680911591894,239.77249803948646,6.669530887471987,0
26.430320680386565,246.35889097397262,12.130460506343187,0
46.84474200940728,211.7321040927727,11.663854135782064,1
51.95703598730139,219.9657957904654,14.660475051286772,1
34.54823021808378,207.62080066652086,12.61037790250783,1
36.15459385696286,249.62417510791875,14.50772707731338,1
42.63704978627736,246.35004839621476,12.02540501534807,0
21.204271866663582,226.99785651402797,7.980522086394432,0
39.3247499349907,242.10166471882107,6.0536492225085645,0
32.68688041979268,226.04789886360211,12.818238633449356,0
39.64984113067488,231.179284400138,11.441492214759158,0
27.185727909155073,204.45622160580083,5.481860123932963,1
73.4316368443937,237.7635210248404,8.600504659009783,1
55.61554721324292,206.38567418176174,14.567998154842861,1
60.74613914866938,241.3033815126264,10.004011457102013,0
67.3502743164403,239.1014043835193,9.327291360197046,0
49.90653193574344,235.4372348871488,9.576996051592939,0
25.215217285245423,201.8080190262381,7.0888272400516374,1
52.22639250911287,215.15641779726644,8.687071708647952,1
55.210467081252744,213.15562849554215,8.698132559871766,1
64.7263684510598,218.00682037357595,5.523550201874724,1
45.89957277378076,204.38213733819194,12.675676285179183,1
27.654818167733826,246.84789115155314,9.16504431903879,0
37.026554347923465,227.69011203561882,13.221798868164234,1
41.78493778391811,215.27621553290118,13.503480011198954,1
58.755034479896075,219.84907585371417,7.11994054698658,1
54.246698280134716,222.36012702524178,11.573534821701285,0
41.36580355387078,230.02971666803086,9.722818041629818,0
79.19091492757877,225.7839713848249,13.80156737921485,1
56.34648916141323,245.96959866072086,7.157406791764541,0
34.233607504159664,224.84817414529152,11.778132003100442,0
26.106948357224226,249.60790074116562,11.077521222527226,0
29.171548351059922,242.5712478872548,7.953014775718328,0
34.757463703070485,210.42552571786678,6.366009036511726,1
29.640882395573342,246.52976073219583,11.516397604772767,0
31.194021443078345,205.8183198942738,12.385974581323307,1
37.10571012163082,240.87248542455958,8.1562734376335,0
30.40241571768529,219.031164673829,11.448326040223138,1
73.8059254775855,243.89871602225347,8.951309076115033,1
24.81402473969853,243.4028345053725,12.132068832826178,0
51.470683374215284,240.29627000588107,6.992152748940531,0
44.62380961937969,239.50152181535307,13.902150026361744,1
78.94271701451638,215.23395695490203,7.8740959646557975,1
26.72233413008314,204.04596415256262,8.677859877561529,1
43.871335942744494,220.14900893825808,5.580919520803498,0
78.16822599652212,208.67622574932543,6.115122123212764,1
71.93042755363882,234.7475544451231,10.158619027123281,1
69.02432425695679,217.30498632688926,7.675926767279715,1
35.474169622696394,248.78051004299573,13.354802257421944,1
30.25325524340395,232.0486038672666,5.146933886549538,0
60.11859319546586,241.12402818171805,8.79094048671936,0
75.76255934765516,206.6262336370924,8.373455467690928,1
53.405773580835785,243.10072411363114,5.19327630917601,0
54.29676136819399,246.1378595256697,6.243683990005103,0
36.79874561961705,224.3530959409468,9.136426749186352,0
66.16957599151621,230.31264688754888,9.928645844474467,0
31.2226249134514,238.24049004514978,9.042897472548692,0
39.42075418425462,208.74193136302063,10.30937678412094,1
45.526186316985005,225.12830382317213,10.951316749056815,0
50.456622721067305,219.93315138861567,5.099238211278356,1
34.544583944904815,207.31869960811247,9.64095159453504,1
26.890209484352212,218.37672111457658,14.634992408875883,1
56.63720254649795,203.40861546927468,10.190322801295487,1
37.31783319441534,201.29059534747435,11.775422674589532,1
54.874293285356735,206.75831445774114,8.118638579168831,1
29.26176291645214,248.15575557945868,12.739913781527626,0
48.86840611128905,227.47647679475085,12.72921481876115,0
51.95536595309515,248.291108057661,10.21296047654139,0
23.109412209345614,221.6248939165066,14.760138232792135,1
40.196256691635234,215.590806654263,6.255502147626534,1
28.064880616338456,225.3070931420122,5.1694766488958095,0
23.802498228366066,221.9755844316455,12.70158211757096,0
79.39761394339672,205.28323421308718,13.071555373648826,1
39.34123069848338,232.0413157345103,6.202072291205763,0
68.5924667512781,210.80190912548,7.655828329586061,1
35.27843928582583,230.9793977448915,5.175523633666289,0
60.89016333343576,232.51005461990766,7.9330861078056465,0
65.61367159338118,207.60124265643242,12.731418739186715,1
55.738324436470656,203.0674813555334,10.17960527712579,1
48.2945713130095,239.038079303422,8.480955931682882,0
44.71045484883611,222.99002118846602,8.717392949063303,0
40.93209599257972,202.9081897752738,5.013536257154682,1
75.77174865486955,249.74331585848836,7.998005275652359,1
69.83716446726375,202.88902804981834,11.464587416379306,1
77.90161463999075,234.75176144292766,14.741944438163571,1
27.457833409132682,249.1839462631707,13.470608269838994,1
63.85204851221866,211.95900521079628,5.235949646455291,1
76.30042740926227,207.1124684343598,13.985606046748394,1
30.87398396993961,206.06924697112146,12.83198413298626,1
23.98977604200665,215.16375737837978,12.803761235709803,1
64.46723895740354,205.05229055053235,9.579957590035715,1
54.46838679079471,234.6080670847066,8.980052929545028,0
70.50972660549633,203.11458990650314,8.029157288331927,1
28.386342597577368,225.4711064074895,5.656948589543658,0
67.71603871159341,249.83484269264883,7.282353634936991,0
32.09763920286467,240.69851347530096,7.466036349780246,0
29.819356571942272,230.76097191155054,9.840770697102016,0
29.855947875859577,215.31268103933058,12.474444065966939,1
68.87448321388293,231.19479181458192,9.738098283979467,0
59.91183324177201,226.3520731955826,5.578444494471606,0
51.38392548614716,221.30416919451858,14.57789800988204,1
41.529829047410146,206.53551883701,14.427243190941123,1
72.6320324487865,244.33021076202334,12.851895431484085,1
43.546706445358126,222.48923244106612,14.913279015642205,1
68.99596636829463,209.73112559103825,10.444823328002629,1
46.3480945142131,218.38796754386448,14.627683502532062,1
42.61666576549445,220.70648762644635,5.756050406167508,0
47.76078714017639,241.3768947783437,8.656807482613713,0
38.08267244984852,236.6807190280701,7.253812680067658,0
64.85656281057507,238.46524468206698,6.9583308413427005,0
50.16322340554875,200.55156322143236,6.408029488926761,1
33.93276170880904,220.80769990898807,11.224136415659967,0
73.97447439647411,224.06720758176618,12.81321855747305,1
43.033473282392684,200.95961384115284,10.782983994203606,1
52.613171666839314,212.9906604372517,6.469627095882097,1
74.38832665787282,238.01449115610674,13.111237699334708,1
57.454279754839526,206.85548528644995,11.359547071637284,1
27.013882442501846,226.7655065726296,8.881657061269955,0
76.3899274168085,210.76009360086186,11.74130295536063,1
57.66248318428507,200.60603873219466,7.599049792428328,1
40.09433687942517,212.06007287997707,8.451922084942105,1
28.356324359803235,248.7936877455027,14.174858431319903,1
67.64151135621776,240.0768555941495,7.905045056714204,0
57.20436535571081,247.97883221605167,9.699882681579366,0
52.007665518579294,224.3927021963181,13.901411373960146,1
73.63355498305745,205.48680993387518,12.077213502675274,1
67.31583267347185,227.39797444868464,5.6220322616470275,0
29.10049278396507,222.71886672799803,6.473030442789703,0
38.70332406773289,242.2178541369808,5.078415907719168,0
34.90934838886794,204.90412903921222,11.309217902291634,1
64.63677755436062,224.41205685108892,9.476734254104183,0
22.011946084146764,207.50243323469923,6.342748509022755,1
54.19338109227899,216.233796344503,14.579341210567705,1
65.74752114444144,236.86785386939,10.296597239456199,0
72.60593820570497,223.8009064684383,7.418932941128892,1
40.52490492295445,218.79441425728845,10.006035711547074,1
69.27543828032077,219.72381392850176,11.796203327351078,1
26.637904217312432,222.97233842029934,5.762392179735645,0
70.7871375040711,239.25082719185284,7.74703815047892,1
27.649319739918944,244.60423444701172,13.069654908839937,1
43.837237433622036,247.7667343251964,9.596648704026613,0
67.83772194677321,239.34516931276477,10.465771420322948,0
28.995045640926428,215.77034478740063,9.328160022094693,1
33.75508371395849,234.4067353043271,5.438999426430051,0
63.335154103583974,221.8801562027696,6.657497798201559,0
63.202192192764464,212.73353110230255,9.455416387418909,1
58.468857973117835,242.04357897129614,7.091854654079278,0
61.636906668026,201.92131744811624,5.499790286596787,1
52.56346660085577,245.08809960677118,13.436496640518238,1
35.10794353441717,223.07387323123672,14.811925291641158,1
40.741759610235164,231.86007384041403,12.931428739967394,0
30.89586300808554,232.96769611028913,13.53784921704667,1
74.5070336800177,244.75588703532682,7.419771303170454,1
55.00350768596723,231.83348410836038,14.606269755131997,1
44.05108500581839,230.6966792380031,6.969257044534284,0
47.720348218647956,203.3326020280345,14.514298103618323,1
76.83700037670891,225.9204010972602,14.94819293965951,1
29.201084186964813,207.5084500408521,12.117228057460487,1
55.17378992100783,236.8716884360743,14.81143731791822,1
50.35332073306796,225.61109604063373,10.695397795671036,0
56.68725412607887,234.01138896041766,7.595417831760903,0
21.08661102925043,202.08364503011921,9.369958856656208,1
72.3274345366491,204.23960080229017,10.93560935378786,1
75.92709694901674,235.8161694031341,5.73081562027015,1
53.907991015352536,203.60421679993368,11.223432646172462,1
61.799049432613536,203.56283638826292,14.811778367622946,1
75.34996287063774,200.60542376174436,6.901076497837276,1
62.43431805880392,247.825069914974,12.925951162883834,0
29.15234257485568,236.87541797295034,14.078987937796194,1
54.57730161000879,217.6625704251032,14.437015928202207,1
56.40290278297135,214.82677906438275,14.601356044054473,1
45.44784027814316,217.4851614872925,10.21459638721472,1
64.18665413748337,238.7326765590591,14.773079079915037,1
76.06202088614089,233.0685305535207,12.573102071344389,1
75.53411077440657,209.2597783933734,6.616714362369619,1
47.050362284247925,208.7054667667042,9.7690010646797,1
26.794282750445316,204.91978248566986,12.18331175372004,1
79.09047193774008,233.0151359850669,7.473403158190833,1
70.33388518675605,238.2186331110868,11.406151835488874,1
27.47976087219601,213.2523214162502,11.666004790466193,1
75.25051295704233,201.04724805154564,6.626997438085659,1
72.1937817237277,204.10858337382138,10.650853124527563,1
51.13028342756432,248.39300174225153,12.716269109786076,0
55.476526144695754,214.772238873871,9.98895664535942,1
43.94016223220781,238.46115739190668,5.121031167761075,0
23.28569832932188,231.23317844271318,5.090384690792922,0
40.11183449875406,219.0969819826448,8.570293439700123,1
68.17120691588069,210.28436310977776,14.26194068431782,1
20.277921380276172,206.0693209079703,7.286767796036088,1
40.00995030146865,230.75064840194332,11.343636888716873,0
43.8901216154566,238.7316890318894,7.220758706933205,0
52.24373617627537,232.19521267705653,8.216699896595486,0
75.19133698476563,226.51510666245792,13.48042089601484,1
40.780759661957674,202.09756117158182,12.28861442269947,1
40.81719211377366,248.4244388797192,5.953992773132106,0
64.25007488658491,239.93570958272872,9.287020209864336,0
47.133076453388426,214.64110183504823,5.2916976364526445,1
33.47628937639892,248.99851646794252,9.80890146603009,0
47.1463709679616,230.0940794818161,11.62434011701068,0
28.451421222787992,229.12113291036232,6.185026235981516,0
30.5832191903734,237.4036589714766,7.888849389091657,0
49.902066364368785,240.58848940450687,8.97836625502157,0
45.13552697027288,232.82393036657513,14.195310246560497,1
74.890754064086,206.40478731831,14.93255015422964,1
41.74363394699799,216.91337529972492,5.449112989956158,1
54.83530101668261,246.40418201630249,12.61007923495392,0
57.93585727517182,211.2307805921926,8.717240664023432,1
20.785667395300017,218.60835119187567,8.9245818622948,1
59.812242321002635,221.6038441472098,12.542649733470228,0
30.682158012185084,221.97024948472261,14.184264321454087,1
77.66421904816731,230.64697912472627,14.509285945025484,1
28.919763665186778,247.15379188723537,10.771225860383208,0
44.87744742362142,212.03463559162526,8.571211593005028,1
25.12098008471863,206.0750688150459,12.875490858587792,1
79.81245511075684,209.87352449299686,7.510013832623002,1
50.13170061987455,244.34624501046346,10.640740288335177,0
55.723101039202625,232.2905406327603,8.58578461524873,0
24.02458864330565,214.295339461958,11.566310737078762,1
64.99762822395067,240.79734694843086,7.403989128935069,0
32.594335585735145,243.0684998181718,6.915929457348257,0
73.88325736644282,242.3257169345139,14.182390866754371,1
32.308378428920435,245.94632668197772,6.018036829495369,0
31.441263239819996,212.6120510086681,10.059579077349316,1
22.192980070885692,237.75209643731392,7.208527829630089,0
48.324016706599956,223.026974863707,5.389299633256675,0
53.890467995756985,242.09992764450308,5.360188182914264,0
23.94251836570114,236.42453385808065,6.7522177210582734,0
66.53165700170064,238.82237232498625,13.667703545060002,1
47.197330084881656,232.80809188405357,7.824787439770267,0
51.4634161596548,208.87143847348534,14.504591705752958,1
46.44576481629369,227.25134594484692,10.816222929891936,0
44.04578365251956,249.2334869762254,9.366141897687662,0
53.57841987849307,246.86940332485594,10.800888346694546,0
29.31441475584275,202.15868678985058,10.166983852262678,1
30.91568782971627,208.24074078647186,12.587762537573251,1
71.70713726081104,206.5864386727281,7.824960659728522,1
76.76692772801796,236.29899549926478,8.530503916003024,1
42.398558976785175,240.88926649284724,13.940943025332507,1
36.244680388613226,210.6755683155336,14.464565131504054,1
58.639972594340946,225.29263464759146,13.925582274864745,1
44.52405026588578,242.03515140055998,9.194479939573135,0
21.52318133962069,236.64007723831253,12.803655030068818,0
29.36915584197142,227.1118602745924,9.763357333010987,0
62.958333730843854,229.51738452293864,9.975398521461022,0
59.53543651460908,225.41802734581398,7.046801090572839,0
21.62575955020901,214.87742256594103,10.911303032585165,1
33.318329715976965,228.2510996429508,6.861358977533479,0
33.86448779528428,234.44426510250452,8.315646990671937,0
60.3135646159237,243.66614579304039,13.550302016199351,1
21.182632265261848,231.8145676989624,7.070758092108552,0
26.24651491907443,238.0560768521579,5.711582851734328,0
67.99496512239136,208.00358174772865,5.690075926128163,1
30.712679723260017,223.0778737209895,14.407845205031078,1
59.16476647111248,200.46658099135468,10.069204379618347,1
34.29096686280359,212.33394322608115,9.094120718170183,1
25.966483565560708,236.32308575565025,13.108785810079183,1
34.590331459967246,249.59049756746816,13.35825927910516,1
63.33601591133955,204.9589049793608,8.321910331156046,1
71.34178808637714,220.0747157930644,11.936180574737953,1
69.8131918740195,240.00354843495796,12.711228158518866,0
43.83101177710729,210.20178173144495,11.546506868659545,1
60.08510819423877,227.7542474651143,6.515950748000994,0
32.29905772494926,236.65356480148375,13.75883083517057,1
37.588863815660794,230.79927251300896,10.390945527360087,0
73.78014911126718,209.40123673077082,7.824724263700037,1
20.78011541064416,217.76922843428696,9.252281854376939,1
25.130511851268086,239.18958922426987,5.375710903989074,0
32.47317530876164,227.71132570660083,6.278668012224175,0
21.591932232429183,200.26148067714564,12.655467505158608,1
30.886126105387838,238.0495380014047,5.000116347553662,0
54.98249365818153,201.76556774701194,9.165658284822921,1
45.28547303554988,237.28668913656162,10.225101810855884,0
73.56030266461849,210.12402800826186,5.546344200009723,1
69.04661370430645,247.903674005969,14.730781629723328,1
40.509041101872555,218.39703756510423,7.261253312496719,1
35.56540600587755,216.34658081690395,8.041987196362808,1
42.78154449003601,207.44440251662223,8.039425122550274,1
55.417696550888465,215.28021077451075,7.304166621173499,1
36.08381844937257,243.83253809141002,5.014738220863114,0
57.44893447094804,249.81671688136237,12.293447940879965,0
44.56469913147443,218.41547652534243,14.668454997992853,1
53.12283085111881,222.43053154772713,7.242934832850451,0
46.167591748119,236.10354691013686,11.630471918034225,0
37.66794557251506,244.30978902325373,12.41896326958715,0
76.9071984177294,229.6522167093392,13.484253790905248,1
65.81634764958565,219.57628490889147,9.226291970136092,1
28.406790545987153,220.6310920424312,8.029309056404292,0
72.10807855387478,234.78090732484034,8.252951340230311,1
49.24587189497082,200.16091318021392,12.126213330985127,1
73.67313361364549,230.97946687299202,13.16779466505636,1
67.99131535683891,217.77465052206787,6.816139677566026,1
45.512810268154006,239.7098665638542,8.709410081577651,0
21.348158499207045,204.6495319911566,14.0194019674915,1
36.12064156309677,229.41011334741953,13.066935196947393,1
52.498052879652015,224.0486444943062,14.848584027624758,1
58.00869318956884,232.11627629526137,12.542482596820808,0
35.47326112599214,203.24267972414842,8.931952010279222,1
28.36136444436945,228.99918937140657,10.906378339946379,0
70.09581420795794,228.07422939797618,11.610142542473202,1
79.06413084221313,228.03300472080855,5.78455816317124,1
51.54141093816115,230.17438332982275,10.444969591038651,0
30.30075715089821,233.82339686131812,12.093208284726096,0
36.338439591162135,240.24944998403848,6.673213040010603,0
21.103440592848003,213.49103600641072,12.806317174255572,1
74.85792839362995,241.2524705090031,10.837727805141117,1
27.065064973408468,224.91278411317268,14.522217856975946,1
54.59098853085521,203.85291395671655,5.424222982068917,1
36.44331324123236,202.92754646219896,7.65326137555467,1
53.2506801509476,216.71191593480305,11.01553879299824,1
59.08522330111185,239.24484885557337,7.965599122059307,0
69.7845082224321,235.3840467370458,12.144241640712423,0
32.3852763056362,239.4307482336203,12.59005282521931,0
20.659749719508827,225.86345282208046,6.025159640664745,0
28.213137804128436,222.00994989777453,10.138544642067677,0
74.0011185108863,207.3726263353142,10.088905555910559,1
72.43340465375091,216.40963768046558,8.69280770215541,1
55.844786130218495,221.70096830869377,14.32924862569672,1
56.0310116260192,204.43002148398085,13.275063198732212,1
59.90220047277533,211.03059763556055,11.972093819096369,1
30.522276717406974,229.91126470318693,12.143266357349976,0
74.8647167554976,236.7831557119595,9.617161438131191,1
45.12623149352439,249.91737556964748,14.209945210965758,1
42.98831169496985,246.6556665671779,11.945954272532854,0
51.13506231697025,232.12825997675958,12.289810616558164,0
22.817958006503304,221.0624026647036,13.616909037873452,1
29.977002125364763,231.80886823541164,7.7407158934219105,0
64.28201698558223,239.28258090401158,13.07070903866703,1
24.96792007550759,205.91680954616936,6.95240602956492,1
56.189126567983294,220.4952444848144,8.453419522448879,0
34.72094658087926,241.99011428178085,8.356104542698427,0
43.35773684251859,219.1916475966522,14.785254683891406,1
37.32162420624199,228.59361356135932,13.565372237479268,1
41.34036298789695,229.38846804310992,12.011698615902597,0
63.14275431105473,209.22381265668196,12.270567616153901,1
37.8273029373905,218.1117720826144,10.62072794402571,1
53.98427841781383,216.7255644370966,14.47090667108519,1
48.56302413194598,201.30983542660323,9.962587528823615,1
59.820269921758886,201.20958819456777,8.805177098698945,1
76.20978435948548,241.58485218378868,6.63035336931591,1
63.95432583261502,213.6535404986406,12.86205652261058,1
32.896422715445404,225.90393831194078,12.344439320755914,0
21.87098810367708,214.93627867943866,8.843550385241349,1
35.73584265798951,247.03396225576702,5.251934139592294,0
55.70467584201529,212.9648379432887,13.389973277180108,1
23.08554880905502,221.48284063694675,5.114179834540736,0
49.781974832074184,243.63651252423008,12.03699779629051,0
55.81057093501335,242.09667833959043,14.70257109726057,1
40.05463344901765,209.30507089231386,9.376613281482035,1
66.25473222474932,240.1321654897855,7.349734049959528,0
26.39589518802631,222.90934433689463,12.048710100433818,0
24.508266904148527,224.14844360426775,13.171281420155852,1
63.6913253722162,206.6739986207972,10.464303160778474,1
49.72947897237191,204.03007568785623,14.670352752561461,1
61.30414378566416,236.39696534868827,5.516687216579611,0
46.089640316224774,224.823057617765,10.04795598304528,0
34.78412199434641,221.842535130759,12.1845394732255,0
69.14613906045199,236.47541143261984,13.626404711491789,1
67.96495273813875,238.2756449495555,6.792556119077901,0
61.68178825126561,207.94540838346768,13.000034817636815,1
36.32870823379776,230.51125747388207,10.527070757185452,0
55.41384001214523,206.76770411388426,8.965536819899633,1
41.65843381640161,237.5687543014523,6.317150285790936,0
25.494924399598048,232.84775781335696,13.652957589089125,1
75.03881452773456,247.8307310541729,6.572732081797153,1
28.209117855137684,203.44790081782105,8.097878592090993,1
77.01424122924814,202.8527360575627,7.900455319624369,1
46.76034637747735,214.10935373466,13.714140341908543,1
